Scenario,Stress_Index,PD_Multiplier_k=0.3,PD_Multiplier_k=0.5,PD_Multiplier_k=0.7,PD_Multiplier_k=1.0
Moderate Stress (GFC),0.6487521302802204,1.2148561067056027,1.3831673703554521,1.5747971828565144,1.9131519744160164
Pandemic Stress (COVID),0.8902450657054748,1.3061364695774194,1.5606814188633433,1.8648330767253904,2.4357264911852985
